Workbook

Sheet data
A1: 아파트코드 | B1: 아파트명 | C1: 위도 | D1: 경도 | E1: 세대수 | F1: 공급승인일자 | G1: 입주세대 합계 | H1: 입주율 | I1: 1개월 | J1: 2개월 | K1: 3개월 | L1: 4개월 | M1: 5개월 | N1: 6개월 | O1: 7개월 | P1: 8개월 | Q1: 9개월 | R1: 10개월 | S1: 11개월 | T1: 12개월 | U1: 13개월 | V1: 14개월 | W1: 15개월 | X1: 16개월 | Y1: 17개월 | Z1: 18개월 | AA1: 19개월 | AB1: 20개월 | AC1: 21개월 | AD1: 22개월 | AE1: 23개월 | AF1: 24개월 | AG1: 25개월 | AH1: 26개월 | AI1: 27개월 | AJ1: 28개월 | AK1: 29개월 | AL1: 30개월 | AM1: 31개월 | AN1: 32개월 | AO1: 33개월 | AP1: 34개월 | AQ1: 35개월 | AR1: 36개월 | AS1: 37개월 | AT1: 38개월 | AU1: 39개월 | AV1: 40개월 | AW1: 41개월 | AX1: 42개월 | AY1: 43개월 | AZ1: 44개월 | BA1: 45개월 | BB1: 46개월 | BC1: 47개월 | BD1: 48개월
A2: 201185 | B2: 방촌역 태왕아너스 | C2: =IFERROR(VLOOKUP($A2,위치!$B:$F,4,FALSE),"") -> 35.881076 | D2: =IFERROR(VLOOKUP($A2,위치!$B:$F,5,FALSE),"") -> 128.66774 | E2: 256 | F2: 44208 | G2: 256 | H2: 1 | K2: 26 | L2: 152 | M2: 55 | N2: 15 | O2: 6 | U2: 1 | AE2: 1
A3: 201226 | B3: 힐스테이트데시앙 도남 2단지(C2BL) | C3: =IFERROR(VLOOKUP($A3,위치!$B:$F,4,FALSE),"") -> 35.950474 | D3: =IFERROR(VLOOKUP($A3,위치!$B:$F,5,FALSE),"") -> 128.57945 | E3: 658 | F3: 44448 | G3: 658 | H3: 1 | J3: 2 | K3: 307 | L3: 237 | M3: 51 | N3: 15 | O3: 23 | P3: 9 | Q3: 6 | R3: 3 | V3: 2 | W3: 1 | Y3: 1 | AB3: 1
A4: 201324 | B4: 설화명곡역 우방아이유쉘 | C4: =IFERROR(VLOOKUP($A4,위치!$B:$F,4,FALSE),"") -> 35.796178 | D4: =IFERROR(VLOOKUP($A4,위치!$B:$F,5,FALSE),"") -> 128.4836 | E4: 320 | F4: 45015 | G4: 314 | H4: 0.9813 | J4: 9 | K4: 159 | L4: 83 | M4: 30 | N4: 18 | O4: 4 | P4: 6 | R4: 1 | U4: 1 | V4: 1 | AC4: 1 | AE4: 1
A5: 201308 | B5: 두류센트레빌더시티아파트 | C5: =IFERROR(VLOOKUP($A5,위치!$B:$F,4,FALSE),"") -> 35.852321 | D5: =IFERROR(VLOOKUP($A5,위치!$B:$F,5,FALSE),"") -> 128.54954 | E5: 333 | F5: 44887 | G5: 333 | H5: 1 | J5: 1 | K5: 98 | L5: 104 | M5: 57 | N5: 31 | O5: 19 | P5: 8 | Q5: 2 | R5: 3 | T5: 3 | U5: 4 | V5: 1 | W5: 1 | X5: 1
A6: 201188 | B6: 중산코오롱하늘채메트로폴리스(하늘채더퍼스트) | C6: =IFERROR(VLOOKUP($A6,위치!$B:$F,4,FALSE),"") -> 35.833619 | D6: =IFERROR(VLOOKUP($A6,위치!$B:$F,5,FALSE),"") -> 128.72554 | E6: 1184 | F6: 44203 | G6: 1183 | H6: 0.9992 | L6: 464 | M6: 382 | N6: 166 | O6: 83 | P6: 31 | Q6: 20 | R6: 12 | S6: 12 | T6: 11 | U6: 2
A7: 201357 | B7: 서대구역 화성파크드림 3단지 | C7: =IFERROR(VLOOKUP($A7,위치!$B:$F,4,FALSE),"") -> 35.870553 | D7: =IFERROR(VLOOKUP($A7,위치!$B:$F,5,FALSE),"") -> 128.54721 | E7: 184 | F7: 45203 | G7: 184 | H7: 1 | I7: 3 | J7: 65 | K7: 18 | L7: 9 | M7: 5 | N7: 1 | O7: 2 | R7: 1 | AI7: 79 | AJ7: 1
A8: 201298 | B8: 서대구KTX3-2블럭 영무예다음 | C8: =IFERROR(VLOOKUP($A8,위치!$B:$F,4,FALSE),"") -> 35.876006 | D8: =IFERROR(VLOOKUP($A8,위치!$B:$F,5,FALSE),"") -> 128.54713 | E8: 283 | F8: 44957 | G8: 282 | H8: 0.9965 | K8: 3 | L8: 123 | M8: 32 | N8: 15 | O8: 10 | P8: 8 | Q8: 4 | R8: 3 | T8: 2 | U8: 1 | V8: 1 | W8: 6 | Y8: 1 | Z8: 1 | AB8: 1 | AF8: 71
A9: 201385 | B9: 대명동 공공지원임대주택2단지(이랜드피어) | C9: =IFERROR(VLOOKUP($A9,위치!$B:$F,4,FALSE),"") -> 35.85629 | D9: =IFERROR(VLOOKUP($A9,위치!$B:$F,5,FALSE),"") -> 128.58642 | E9: 270 | F9: 45176 | G9: 270 | H9: 1 | I9: 1 | J9: 28 | K9: 74 | L9: 41 | M9: 9 | N9: 1 | O9: 1 | Q9: 2 | R9: 5 | S9: 3 | T9: 8 | U9: 9 | V9: 7 | W9: 7 | X9: 10 | Y9: 12 | Z9: 11 | AA9: 3 | AB9: 7 | AC9: 9 | AD9: 8 | AE9: 3 | AF9: 6 | AG9: 4 | AS9: 1
A10: 201372 | B10: 동대구역화성파크드림 | C10: =IFERROR(VLOOKUP($A10,위치!$B:$F,4,FALSE),"") -> 35.883127 | D10: =IFERROR(VLOOKUP($A10,위치!$B:$F,5,FALSE),"") -> 128.62496 | E10: 1304 | F10: 45099 | G10: 1303 | H10: 0.9992 | I10: 35 | J10: 512 | K10: 336 | L10: 148 | M10: 109 | N10: 76 | O10: 45 | P10: 14 | Q10: 8 | R10: 2 | S10: 3 | T10: 5 | U10: 2 | V10: 2 | W10: 4 | AL10: 1 | AQ10: 1
A11: 201317 | B11: 동대구해모로스퀘어웨스트 | C11: =IFERROR(VLOOKUP($A11,위치!$B:$F,4,FALSE),"") -> 35.88937 | D11: =IFERROR(VLOOKUP($A11,위치!$B:$F,5,FALSE),"") -> 128.62619 | E11: 1122 | F11: 44992 | G11: 1122 | H11: 1 | J11: 88 | K11: 464 | L11: 242 | M11: 115 | N11: 43 | O11: 32 | P11: 26 | Q11: 16 | R11: 24 | S11: 4 | T11: 3 | U11: 1 | V11: 1 | X11: 1 | Y11: 9 | Z11: 3 | AB11: 1 | AC11: 47 | AF11: 1 | AH11: 1
A12: 201282 | B12: 서대구 KTX 3-1블럭 영무예다음 | C12: =IFERROR(VLOOKUP($A12,위치!$B:$F,4,FALSE),"") -> 35.876006 | D12: =IFERROR(VLOOKUP($A12,위치!$B:$F,5,FALSE),"") -> 128.54713 | E12: 1135 | F12: 44935 | G12: 1114 | H12: 0.9815 | K12: 27 | L12: 550 | M12: 245 | N12: 95 | O12: 57 | P12: 25 | Q12: 18 | R12: 11 | S12: 7 | T12: 7 | U12: 7 | V12: 5 | W12: 7 | X12: 10 | Y12: 7 | Z12: 10 | AA12: 6 | AB12: 2 | AC12: 2 | AD12: 3 | AE12: 1 | AF12: 1 | AG12: 1 | AH12: 1 | AI12: 1 | AN12: 1 | AP12: 2 | AW12: 1 | AX12: 1 | AY12: 1 | AZ12: 2
A13: 201289 | B13: 동성로하우스디어반오피스텔 | C13: =IFERROR(VLOOKUP($A13,위치!$B:$F,4,FALSE),"") -> 35.870571 | D13: =IFERROR(VLOOKUP($A13,위치!$B:$F,5,FALSE),"") -> 128.59324 | E13: 502 | F13: 44511 | G13: 491 | H13: 0.9781 | J13: 46 | K13: 151 | L13: 101 | M13: 58 | N13: 39 | O13: 23 | P13: 25 | Q13: 12 | R13: 5 | S13: 4 | T13: 1 | V13: 2 | X13: 1 | AC13: 1 | AD13: 1 | AE13: 2 | AF13: 1 | AG13: 2 | AJ13: 1 | AL13: 1 | AQ13: 3 | AR13: 1 | AS13: 3 | AT13: 2 | AU13: 1 | AV13: 3 | AW13: 1
A14: 201271 | B14: 대구역경남센트로팰리스 | C14: =IFERROR(VLOOKUP($A14,위치!$B:$F,4,FALSE),"") -> 35.877854 | D14: =IFERROR(VLOOKUP($A14,위치!$B:$F,5,FALSE),"") -> 128.58393 | E14: 182 | F14: 44739 | G14: 182 | H14: 1 | K14: 4 | L14: 41 | M14: 21 | N14: 24 | O14: 18 | P14: 3 | Q14: 3 | R14: 3 | T14: 6 | U14: 4 | V14: 4 | W14: 16 | X14: 12 | Y14: 7 | Z14: 2 | AA14: 7 | AB14: 1 | AC14: 3 | AD14: 2 | AM14: 1
A15: 201367 | B15: 정평역리버뷰엘(OPS) | C15: =IFERROR(VLOOKUP($A15,위치!$B:$F,4,FALSE),"") -> 35.835209 | D15: =IFERROR(VLOOKUP($A15,위치!$B:$F,5,FALSE),"") -> 128.73277 | E15: 195 | F15: 44936 | G15: 194 | H15: 0.9949 | K15: 12 | L15: 22 | M15: 15 | N15: 8 | O15: 8 | P15: 6 | Q15: 6 | R15: 2 | S15: 4 | T15: 6 | U15: 4 | V15: 10 | W15: 8 | X15: 4 | Y15: 5 | Z15: 3 | AA15: 7 | AB15: 2 | AC15: 2 | AD15: 2 | AE15: 5 | AF15: 8 | AG15: 14 | AH15: 11 | AI15: 10 | AJ15: 4 | AL15: 2 | AM15: 2 | AN15: 1 | AQ15: 1
A16: 201241 | B16: 화원 파크뷰 우방아이유쉘 | C16: =IFERROR(VLOOKUP($A16,위치!$B:$F,4,FALSE),"") -> 35.799514 | D16: =IFERROR(VLOOKUP($A16,위치!$B:$F,5,FALSE),"") -> 128.50393 | E16: 538 | F16: 44781 | G16: 529 | H16: 0.9833 | J16: 10 | K16: 230 | L16: 133 | M16: 70 | N16: 31 | O16: 15 | P16: 10 | Q16: 4 | R16: 4 | S16: 1 | T16: 1 | X16: 1 | Z16: 1 | AE16: 1 | AX16: 3 | AZ16: 1 | BA16: 1 | BB16: 10 | BD16: 2
A17: 201417 | B17: 힐스테이트앞산센트럴 | C17: =IFERROR(VLOOKUP($A17,위치!$B:$F,4,FALSE),"") -> 35.840193 | D17: =IFERROR(VLOOKUP($A17,위치!$B:$F,5,FALSE),"") -> 128.60023 | E17: 345 | F17: 45359 | G17: 316 | H17: 0.9159 | K17: 122 | L17: 108 | M17: 32 | N17: 14 | O17: 20 | P17: 3 | Q17: 2 | R17: 1 | S17: 1 | U17: 1 | V17: 1 | W17: 2 | X17: 1 | Y17: 2 | AB17: 1 | AK17: 1 | AM17: 4
A18: 201291 | B18: 장원젠트룸 | C18: =IFERROR(VLOOKUP($A18,위치!$B:$F,4,FALSE),"") -> 35.881583 | D18: =IFERROR(VLOOKUP($A18,위치!$B:$F,5,FALSE),"") -> 128.63203 | E18: 28 | F18: 44526 | G18: 28 | H18: 1 | I18: 27 | L18: 1
A19: 201244 | B19: 신암에일린의뜰 | C19: =IFERROR(VLOOKUP($A19,위치!$B:$F,4,FALSE),"") -> 35.885201 | D19: =IFERROR(VLOOKUP($A19,위치!$B:$F,5,FALSE),"") -> 128.61831 | E19: 705 | F19: 44427 | G19: 705 | H19: 1 | K19: 133 | L19: 238 | M19: 153 | N19: 78 | O19: 37 | P19: 20 | Q19: 16 | R19: 4 | S19: 6 | T19: 4 | U19: 3 | V19: 3 | W19: 1 | X19: 1 | Y19: 1 | Z19: 1 | AA19: 2 | AB19: 1 | AF19: 1 | AK19: 1 | AO19: 1
A20: 201217 | B20: 복현e편한세상 | C20: =IFERROR(VLOOKUP($A20,위치!$B:$F,4,FALSE),"") -> 35.895144 | D20: =IFERROR(VLOOKUP($A20,위치!$B:$F,5,FALSE),"") -> 128.61959 | E20: 620 | F20: 44469 | G20: 619 | H20: 0.9984 | K20: 162 | L20: 205 | M20: 103 | N20: 64 | O20: 29 | P20: 8 | Q20: 7 | R20: 5 | S20: 4 | T20: 7 | U20: 3 | V20: 5 | W20: 3 | X20: 3 | Y20: 2 | Z20: 2 | AA20: 1 | AB20: 1 | AC20: 1 | AD20: 2 | AF20: 1 | AK20: 1
A21: 201310 | B21: 대구 수성 범어 W 아파트 | C21: =IFERROR(VLOOKUP($A21,위치!$B:$F,4,FALSE),"") -> 35.858531 | D21: =IFERROR(VLOOKUP($A21,위치!$B:$F,5,FALSE),"") -> 128.62899 | E21: 1868 | F21: 45222 | G21: 1860 | H21: 0.9957 | K21: 67 | L21: 503 | M21: 383 | N21: 341 | O21: 138 | P21: 85 | Q21: 71 | R21: 76 | S21: 50 | T21: 50 | U21: 27 | V21: 16 | W21: 16 | X21: 6 | Y21: 7 | Z21: 2 | AA21: 1 | AB21: 3 | AC21: 6 | AD21: 1 | AE21: 1 | AF21: 4 | AG21: 1 | AH21: 1 | AI21: 1 | AL21: 1 | AM21: 1 | AP21: 1
A22: 201414 | B22: KEB하나스테이대구포정임대오피스텔 | C22: =IFERROR(VLOOKUP($A22,위치!$B:$F,4,FALSE),"") -> 35.871704 | D22: =IFERROR(VLOOKUP($A22,위치!$B:$F,5,FALSE),"") -> 128.59377 | E22: 287 | F22: 45261 | G22: 253 | H22: 0.8815 | J22: 41 | K22: 67 | L22: 34 | M22: 22 | N22: 13 | O22: 16 | P22: 10 | Q22: 5 | R22: 5 | S22: 4 | T22: 5 | U22: 3 | V22: 3 | W22: 3 | Z22: 2 | AA22: 2 | AB22: 1 | AC22: 3 | AF22: 1 | AG22: 1 | AH22: 1 | AI22: 3 | AJ22: 3 | AK22: 1 | AL22: 3 | AP22: 1
A23: 201335 | B23: 대구역한라하우젠트센트로 | C23: =IFERROR(VLOOKUP($A23,위치!$B:$F,4,FALSE),"") -> 35.873988 | D23: =IFERROR(VLOOKUP($A23,위치!$B:$F,5,FALSE),"") -> 128.59851 | E23: 228 | F23: 45594 | G23: 222 | H23: 0.9737 | K23: 45 | L23: 84 | M23: 43 | N23: 14 | O23: 9 | P23: 7 | Q23: 8 | R23: 4 | S23: 2 | T23: 1 | W23: 2 | X23: 2 | AE23: 1
A24: 201497 | B24: 다산월드메르디앙2차 | C24: =IFERROR(VLOOKUP($A24,위치!$B:$F,4,FALSE),"") -> 35.822434 | D24: =IFERROR(VLOOKUP($A24,위치!$B:$F,5,FALSE),"") -> 128.44371 | E24: 463 | F24: 46156 | G24: 2 | H24: 0.0043 | M24: 2
A25: 201490 | B25: 태왕디아너스 오페라 | C25: =IFERROR(VLOOKUP($A25,위치!$B:$F,4,FALSE),"") -> 35.879174 | D25: =IFERROR(VLOOKUP($A25,위치!$B:$F,5,FALSE),"") -> 128.5812 | E25: 598 | F25: 45841 | G25: 587 | H25: 0.9816 | I25: 4 | J25: 186 | K25: 185 | L25: 83 | M25: 62 | N25: 31 | O25: 16 | P25: 7 | Q25: 3 | R25: 2 | S25: 2 | T25: 3 | U25: 1 | W25: 2
A26: 201501 | B26: 해링턴플레이스트라이빗 | C26: =IFERROR(VLOOKUP($A26,위치!$B:$F,4,FALSE),"") -> 35.847355 | D26: =IFERROR(VLOOKUP($A26,위치!$B:$F,5,FALSE),"") -> 128.53245 | E26: 463 | F26: 46003 | G26: 0 | H26: 0
A27: 201492 | B27: e편한세상동대구역센텀스퀘어 | C27: =IFERROR(VLOOKUP($A27,위치!$B:$F,4,FALSE),"") -> 35.876101 | D27: =IFERROR(VLOOKUP($A27,위치!$B:$F,5,FALSE),"") -> 128.62729 | E27: 322 | F27: 45930 | G27: 228 | H27: 0.7081 | K27: 36 | L27: 54 | M27: 42 | N27: 21 | O27: 10 | P27: 25 | Q27: 6 | R27: 11 | S27: 12 | T27: 8 | U27: 3
A28: 201498 | B28: 힐스테이트동대구센트럴 | C28: =IFERROR(VLOOKUP($A28,위치!$B:$F,4,FALSE),"") -> 35.8687 | D28: =IFERROR(VLOOKUP($A28,위치!$B:$F,5,FALSE),"") -> 128.62537 | E28: 543 | F28: 46085 | G28: 456 | H28: 0.8398 | J28: 65 | K28: 116 | L28: 120 | M28: 66 | N28: 46 | O28: 43
A29: 201404 | B29: 힐스테이트 감삼센트럴 | C29: =IFERROR(VLOOKUP($A29,위치!$B:$F,4,FALSE),"") -> 35.84817 | D29: =IFERROR(VLOOKUP($A29,위치!$B:$F,5,FALSE),"") -> 128.53381 | E29: 512 | F29: 45443 | G29: 460 | H29: 0.8984 | K29: 138 | L29: 99 | M29: 59 | N29: 52 | O29: 28 | P29: 35 | Q29: 12 | R29: 14 | S29: 6 | T29: 3 | U29: 3 | V29: 3 | W29: 1 | Y29: 1 | Z29: 2 | AA29: 1 | AB29: 1 | AE29: 1 | AG29: 1
A30: 201254 | B30: 동대구역 우방아이유쉘아파트 | C30: =IFERROR(VLOOKUP($A30,위치!$B:$F,4,FALSE),"") -> 35.876609 | D30: =IFERROR(VLOOKUP($A30,위치!$B:$F,5,FALSE),"") -> 128.62475 | E30: 575 | F30: 44606 | G30: 572 | H30: 0.9948 | J30: 12 | K30: 204 | L30: 143 | M30: 96 | N30: 43 | O30: 20 | P30: 18 | Q30: 10 | R30: 4 | S30: 5 | T30: 5 | U30: 2 | V30: 1 | Z30: 1 | AD30: 2 | AS30: 1 | AX30: 1 | BB30: 2 | BC30: 2
A31: 201209 | B31: 현대 썬앤빌 중앙로역 | C31: =IFERROR(VLOOKUP($A31,위치!$B:$F,4,FALSE),"") -> 35.87143 | D31: =IFERROR(VLOOKUP($A31,위치!$B:$F,5,FALSE),"") -> 128.59919 | E31: 450 | F31: 44523 | G31: 450 | H31: 1 | J31: 116 | K31: 163 | L31: 86 | M31: 31 | N31: 19 | O31: 6 | P31: 11 | Q31: 4 | R31: 5 | S31: 3 | T31: 4 | W31: 2
A32: 201387 | B32: 경산하양파인앤유더퍼스트 | C32: =IFERROR(VLOOKUP($A32,위치!$B:$F,4,FALSE),"") -> 35.934074 | D32: =IFERROR(VLOOKUP($A32,위치!$B:$F,5,FALSE),"") -> 128.82174 | E32: 356 | F32: 44943 | G32: 356 | H32: 1 | J32: 2 | K32: 4 | L32: 1 | M32: 1 | N32: 1 | O32: 1 | P32: 2 | V32: 7 | W32: 2 | AB32: 314 | AE32: 21
A33: 201424 | B33: 동대구역센텀화성파크드림 | C33: =IFERROR(VLOOKUP($A33,위치!$B:$F,4,FALSE),"") -> 35.886183 | D33: =IFERROR(VLOOKUP($A33,위치!$B:$F,5,FALSE),"") -> 128.62819 | E33: 1458 | F33: 45370 | G33: 1456 | H33: 0.9986 | I33: 9 | J33: 623 | K33: 357 | L33: 152 | M33: 89 | N33: 63 | O33: 37 | P33: 31 | Q33: 22 | R33: 58 | S33: 7 | T33: 1 | U33: 1 | V33: 2 | W33: 1 | Y33: 1 | Z33: 1 | AJ33: 1
A34: 201332 | B34: 빌리브메트로뷰 | C34: =IFERROR(VLOOKUP($A34,위치!$B:$F,4,FALSE),"") -> 35.851433 | D34: =IFERROR(VLOOKUP($A34,위치!$B:$F,5,FALSE),"") -> 128.53962 | E34: 234 | F34: 45014 | G34: 234 | H34: 1 | K34: 14 | L34: 84 | M34: 38 | N34: 39 | O34: 18 | P34: 10 | Q34: 4 | R34: 4 | S34: 3 | T34: 3 | U34: 1 | W34: 1 | X34: 1 | AE34: 2 | AM34: 3 | AO34: 1 | AP34: 5 | AQ34: 2 | AS34: 1
A35: 201415 | B35: 경산아이파크 | C35: =IFERROR(VLOOKUP($A35,위치!$B:$F,4,FALSE),"") -> 35.843638 | D35: =IFERROR(VLOOKUP($A35,위치!$B:$F,5,FALSE),"") -> 128.76632 | E35: 977 | F35: 45377 | G35: 976 | H35: 0.999 | J35: 8 | K35: 374 | L35: 273 | M35: 100 | N35: 51 | O35: 37 | P35: 31 | Q35: 19 | R35: 67 | S35: 5 | T35: 3 | U35: 2 | V35: 1 | W35: 1 | Y35: 1 | Z35: 1 | AE35: 1 | AF35: 1
A36: 201287 | B36: 멘토르오피스텔(아이올리) | C36: =IFERROR(VLOOKUP($A36,위치!$B:$F,4,FALSE),"") -> 35.836473 | D36: =IFERROR(VLOOKUP($A36,위치!$B:$F,5,FALSE),"") -> 128.71108 | E36: 21 | F36: 44680 | G36: 21 | H36: 1 | I36: 21
A37: 201304 | B37: 시지 라온프라이빗 | C37: =IFERROR(VLOOKUP($A37,위치!$B:$F,4,FALSE),"") -> 35.834698 | D37: =IFERROR(VLOOKUP($A37,위치!$B:$F,5,FALSE),"") -> 128.71361 | E37: 207 | F37: 44845 | G37: 207 | H37: 1 | M37: 6 | N37: 11 | O37: 9 | P37: 2 | Q37: 1 | S37: 1 | T37: 1 | U37: 1 | V37: 3 | W37: 172
A38: 201380 | B38: 중산자이1단지 | C38: =IFERROR(VLOOKUP($A38,위치!$B:$F,4,FALSE),"") -> 35.832471 | D38: =IFERROR(VLOOKUP($A38,위치!$B:$F,5,FALSE),"") -> 128.72105 | E38: 1144 | F38: 45231 | G38: 1144 | H38: 1 | I38: 22 | J38: 480 | K38: 241 | L38: 194 | M38: 90 | N38: 28 | O38: 28 | P38: 22 | Q38: 12 | R38: 7 | S38: 4 | U38: 6 | V38: 2 | X38: 1 | AA38: 1 | AB38: 1 | AC38: 1 | AF38: 1 | AG38: 1 | AI38: 1 | AJ38: 1
A39: 201355 | B39: 서대구역 화성파크드림 1단지 | C39: =IFERROR(VLOOKUP($A39,위치!$B:$F,4,FALSE),"") -> 35.870553 | D39: =IFERROR(VLOOKUP($A39,위치!$B:$F,5,FALSE),"") -> 128.54721 | E39: 913 | F39: 45203 | G39: 913 | H39: 1 | I39: 20 | J39: 505 | K39: 222 | L39: 68 | M39: 33 | N39: 25 | O39: 13 | P39: 7 | Q39: 3 | R39: 1 | S39: 1 | T39: 1 | V39: 3 | W39: 1 | X39: 2 | Y39: 1 | AE39: 2 | AF39: 1 | AH39: 3 | AI39: 1
A40: 201345 | B40: 해링턴플레이스동대구 | C40: =IFERROR(VLOOKUP($A40,위치!$B:$F,4,FALSE),"") -> 35.889258 | D40: =IFERROR(VLOOKUP($A40,위치!$B:$F,5,FALSE),"") -> 128.62017 | E40: 1265 | F40: 45076 | G40: 1261 | H40: 0.9968 | K40: 8 | L40: 512 | M40: 274 | N40: 147 | O40: 121 | P40: 62 | Q40: 22 | R40: 19 | S40: 1 | T40: 2 | U40: 15 | V40: 20 | W40: 16 | X40: 17 | Y40: 5 | Z40: 2 | AA40: 4 | AB40: 1 | AC40: 1 | AD40: 1 | AF40: 2 | AG40: 1 | AH40: 4 | AI40: 1 | AJ40: 2 | AN40: 1
A41: 201283 | B41: 대구힐스테이트감삼아파트(더퍼스트) | C41: =IFERROR(VLOOKUP($A41,위치!$B:$F,4,FALSE),"") -> 35.846846 | D41: =IFERROR(VLOOKUP($A41,위치!$B:$F,5,FALSE),"") -> 128.53358 | E41: 559 | F41: 44817 | G41: 560 | H41: 1.0018 | I41: 9 | J41: 182 | K41: 115 | L41: 80 | M41: 30 | N41: 35 | O41: 19 | P41: 13 | Q41: 6 | R41: 6 | S41: 6 | T41: 6 | U41: 6 | V41: 5 | W41: 9 | X41: 4 | Y41: 2 | Z41: 7 | AA41: 4 | AB41: 5 | AC41: 4 | AD41: 1 | AL41: 1 | AN41: 2 | AZ41: 2 | BA41: 1
A42: 201363 | B42: 대구안심뉴타운B4블럭(파라곤프레스티지) | C42: =IFERROR(VLOOKUP($A42,위치!$B:$F,4,FALSE),"") -> 35.874054 | D42: =IFERROR(VLOOKUP($A42,위치!$B:$F,5,FALSE),"") -> 128.70566 | E42: 759 | F42: 44977 | G42: 759 | H42: 1 | K42: 69 | L42: 225 | M42: 151 | N42: 63 | O42: 37 | P42: 24 | Q42: 10 | R42: 9 | S42: 8 | T42: 1 | V42: 22 | W42: 3 | X42: 6 | Y42: 10 | Z42: 13 | AA42: 17 | AB42: 10 | AC42: 17 | AD42: 8 | AE42: 12 | AF42: 6 | AG42: 13 | AH42: 6 | AI42: 4 | AJ42: 2 | AK42: 5 | AL42: 3 | AM42: 2 | AN42: 3
A43: 201384 | B43: 대명동 공공지원임대주택1단지(이랜드피어) | C43: =IFERROR(VLOOKUP($A43,위치!$B:$F,4,FALSE),"") -> 35.856278 | D43: =IFERROR(VLOOKUP($A43,위치!$B:$F,5,FALSE),"") -> 128.58568 | E43: 178 | F43: 45176 | G43: 178 | H43: 1 | I43: 5 | J43: 29 | K43: 61 | L43: 23 | M43: 3 | N43: 1 | P43: 4 | R43: 4 | S43: 13 | T43: 8 | U43: 6 | V43: 4 | W43: 1 | X43: 3 | Y43: 1 | Z43: 1 | AB43: 1 | AC43: 6 | AE43: 3 | AF43: 1
A44: 201344 | B44: 힐스테이트 동인센트럴 | C44: =IFERROR(VLOOKUP($A44,위치!$B:$F,4,FALSE),"") -> 35.871147 | D44: =IFERROR(VLOOKUP($A44,위치!$B:$F,5,FALSE),"") -> 128.60301 | E44: 500 | F44: 45329 | G44: 486 | H44: 0.972 | K44: 93 | L44: 122 | M44: 93 | N44: 51 | O44: 31 | P44: 16 | Q44: 19 | R44: 15 | S44: 13 | T44: 6 | U44: 2 | V44: 1 | X44: 2 | Z44: 1 | AA44: 2 | AB44: 1 | AC44: 6 | AD44: 6 | AE44: 1 | AF44: 1 | AI44: 1 | AM44: 1 | AN44: 2
A45: 201313 | B45: 대구테크노폴리스 예미지 더센트럴 | C45: =IFERROR(VLOOKUP($A45,위치!$B:$F,4,FALSE),"") -> 35.691157 | D45: =IFERROR(VLOOKUP($A45,위치!$B:$F,5,FALSE),"") -> 128.4624 | E45: 894 | F45: 45182 | G45: 894 | H45: 1 | K45: 486 | L45: 239 | M45: 110 | N45: 27 | O45: 13 | P45: 6 | Q45: 5 | R45: 1 | S45: 2 | T45: 2 | W45: 2 | AN45: 1
A46: 201280 | B46: 시지 코오롱 하늘채 스카이뷰 | C46: =IFERROR(VLOOKUP($A46,위치!$B:$F,4,FALSE),"") -> 35.839754 | D46: =IFERROR(VLOOKUP($A46,위치!$B:$F,5,FALSE),"") -> 128.70407 | E46: 686 | F46: 44543 | G46: 684 | H46: 0.9971 | K46: 25 | L46: 246 | M46: 105 | N46: 71 | O46: 41 | P46: 38 | Q46: 28 | R46: 30 | S46: 32 | T46: 13 | U46: 14 | V46: 16 | W46: 7 | X46: 3 | Y46: 1 | Z46: 4 | AB46: 2 | AC46: 1 | AE46: 2 | AF46: 1 | AG46: 1 | AK46: 1 | AP46: 2
A47: 201240 | B47: 성당동 태왕아너스메트로 | C47: =IFERROR(VLOOKUP($A47,위치!$B:$F,4,FALSE),"") -> 35.838538 | D47: =IFERROR(VLOOKUP($A47,위치!$B:$F,5,FALSE),"") -> 128.55574 | E47: 293 | F47: 44734 | G47: 291 | H47: 0.9932 | I47: 2 | J47: 104 | K47: 84 | L47: 43 | M47: 28 | N47: 5 | O47: 7 | P47: 3 | Q47: 5 | R47: 1 | U47: 1 | Z47: 1 | AC47: 2 | AD47: 1 | AL47: 2 | AM47: 1 | AT47: 1
A48: 201294 | B48: 안심뉴타운 시티프라디움(2차) | C48: =IFERROR(VLOOKUP($A48,위치!$B:$F,4,FALSE),"") -> 35.875376 | D48: =IFERROR(VLOOKUP($A48,위치!$B:$F,5,FALSE),"") -> 128.70779 | E48: 431 | F48: 44736 | G48: 431 | H48: 1 | K48: 84 | L48: 123 | M48: 98 | N48: 46 | O48: 21 | P48: 13 | Q48: 5 | R48: 5 | S48: 7 | T48: 5 | U48: 5 | V48: 4 | W48: 1 | X48: 2 | Y48: 2 | Z48: 1 | AK48: 1 | AP48: 1 | AR48: 5 | AS48: 1 | AT48: 1
A49: 201374 | B49: 죽전역 시티프라디움 | C49: =IFERROR(VLOOKUP($A49,위치!$B:$F,4,FALSE),"") -> 35.851475 | D49: =IFERROR(VLOOKUP($A49,위치!$B:$F,5,FALSE),"") -> 128.53859 | E49: 120 | F49: 45226 | G49: 120 | H49: 1 | I49: 1 | J49: 22 | K49: 20 | L49: 19 | M49: 3 | N49: 7 | P49: 2 | Q49: 2 | R49: 2 | T49: 1 | U49: 3 | V49: 9 | W49: 29
A50: 201256 | B50: 빌리브 범어2차 아파트 | C50: =IFERROR(VLOOKUP($A50,위치!$B:$F,4,FALSE),"") -> 35.857863 | D50: =IFERROR(VLOOKUP($A50,위치!$B:$F,5,FALSE),"") -> 128.64236 | E50: 209 | F50: 44560 | G50: 209 | H50: 1 | L50: 29 | M50: 59 | N50: 28 | O50: 11 | P50: 19 | Q50: 21 | R50: 6 | S50: 8 | T50: 11 | U50: 7 | V50: 2 | W50: 3 | Z50: 2 | AA50: 1 | AE50: 1 | AP50: 1
A51: 201243 | B51: 신세계 빌리브스카이 | C51: =IFERROR(VLOOKUP($A51,위치!$B:$F,4,FALSE),"") -> 35.849422 | D51: =IFERROR(VLOOKUP($A51,위치!$B:$F,5,FALSE),"") -> 128.53773 | E51: 2 | F51: 44771 | G51: 1 | H51: 0.5 | I51: 1
A52: 201261 | B52: 더샵리비테르1차 | C52: =IFERROR(VLOOKUP($A52,위치!$B:$F,4,FALSE),"") -> 35.856448 | D52: =IFERROR(VLOOKUP($A52,위치!$B:$F,5,FALSE),"") -> 128.59991 | E52: 724 | F52: 44544 | G52: 724 | H52: 1 | L52: 291 | M52: 260 | N52: 75 | O52: 33 | P52: 20 | Q52: 24 | R52: 7 | S52: 7 | T52: 1 | U52: 1 | Y52: 1 | Z52: 1 | AA52: 1 | AE52: 1 | AS52: 1
A53: 201264 | B53: 대봉교역 태왕아너스 | C53: =IFERROR(VLOOKUP($A53,위치!$B:$F,4,FALSE),"") -> 35.852185 | D53: =IFERROR(VLOOKUP($A53,위치!$B:$F,5,FALSE),"") -> 128.6038 | E53: 412 | F53: 44896 | G53: 412 | H53: 1 | L53: 105 | M53: 153 | N53: 69 | O53: 32 | P53: 13 | Q53: 11 | R53: 4 | S53: 2 | T53: 3 | U53: 19 | V53: 1
A54: 201199 | B54: 대구남산2-2(남산롯데캐슬센트럴스카이) | C54: =IFERROR(VLOOKUP($A54,위치!$B:$F,4,FALSE),"") -> 35.863368 | D54: =IFERROR(VLOOKUP($A54,위치!$B:$F,5,FALSE),"") -> 128.58406 | E54: 987 | F54: 44378 | G54: 987 | H54: 1 | K54: 28 | L54: 543 | M54: 186 | N54: 176 | O54: 19 | P54: 11 | Q54: 4 | R54: 3 | S54: 1 | U54: 1 | W54: 1 | X54: 4 | Y54: 2 | Z54: 4 | AB54: 1 | AC54: 1 | AF54: 1 | AH54: 1
A55: 201231 | B55: 나나바루아 | C55: =IFERROR(VLOOKUP($A55,위치!$B:$F,4,FALSE),"") -> 35.839563 | D55: =IFERROR(VLOOKUP($A55,위치!$B:$F,5,FALSE),"") -> 128.56548 | E55: 60 | F55: 44525 | G55: 60 | H55: 1 | K55: 60
A56: 201219 | B56: 강북 태왕아너스 더퍼스트 | C56: =IFERROR(VLOOKUP($A56,위치!$B:$F,4,FALSE),"") -> 35.944135 | D56: =IFERROR(VLOOKUP($A56,위치!$B:$F,5,FALSE),"") -> 128.55201 | E56: 234 | F56: 44431 | G56: 234 | H56: 1 | I56: 23 | J56: 167 | K56: 33 | L56: 4 | M56: 2 | N56: 3 | O56: 2
A57: 201517 | B57: 대구복현 주거환경개선사업 | C57: =IFERROR(VLOOKUP($A57,위치!$B:$F,4,FALSE),"") | D57: =IFERROR(VLOOKUP($A57,위치!$B:$F,5,FALSE),"") | E57: 278 | F57: 46295 | G57: 0 | H57: 0
A58: 201464 | B58: 만촌동엘크루가우디움 | C58: =IFERROR(VLOOKUP($A58,위치!$B:$F,4,FALSE),"") -> 35.857219 | D58: =IFERROR(VLOOKUP($A58,위치!$B:$F,5,FALSE),"") -> 128.64856 | E58: 44 | F58: 45546 | G58: 44 | H58: 1 | J58: 44
A59: 201496 | B59: 더샵중앙로역센터폴 | C59: =IFERROR(VLOOKUP($A59,위치!$B:$F,4,FALSE),"") | D59: =IFERROR(VLOOKUP($A59,위치!$B:$F,5,FALSE),"") | E59: 355 | F59: 46210 | G59: 0 | H59: 0
A60: 201473 | B60: 힐스테이트서대구역센트럴 | C60: =IFERROR(VLOOKUP($A60,위치!$B:$F,4,FALSE),"") -> 35.884468 | D60: =IFERROR(VLOOKUP($A60,위치!$B:$F,5,FALSE),"") -> 128.56278 | E60: 837 | F60: 45694 | G60: 754 | H60: 0.9008 | N60: 53 | O60: 52 | P60: 24 | Q60: 17 | R60: 112 | S60: 152 | T60: 34 | U60: 7 | V60: 45 | W60: 53 | X60: 37 | Y60: 47 | Z60: 63 | AA60: 37 | AB60: 21
A61: 201428 | B61: 화원 동화아이위시 | C61: =IFERROR(VLOOKUP($A61,위치!$B:$F,4,FALSE),"") -> 35.80117 | D61: =IFERROR(VLOOKUP($A61,위치!$B:$F,5,FALSE),"") -> 128.49661 | E61: 673 | F61: 45569 | G61: 664 | H61: 0.9866 | I61: 8 | J61: 267 | K61: 204 | L61: 86 | M61: 36 | N61: 15 | O61: 14 | P61: 11 | Q61: 7 | R61: 4 | S61: 2 | T61: 2 | U61: 2 | V61: 3 | X61: 1 | Z61: 1 | AA61: 1
A62: 201429 | B62: 더샵프리미엘 | C62: =IFERROR(VLOOKUP($A62,위치!$B:$F,4,FALSE),"") -> 35.890226 | D62: =IFERROR(VLOOKUP($A62,위치!$B:$F,5,FALSE),"") -> 128.59289 | E62: 456 | F62: 45608 | G62: 426 | H62: 0.9342 | J62: 2 | K62: 92 | L62: 128 | M62: 52 | N62: 33 | O62: 34 | P62: 27 | Q62: 22 | R62: 12 | S62: 6 | T62: 4 | U62: 4 | V62: 2 | Y62: 4 | Z62: 1 | AC62: 3
A63: 201421 | B63: 동대구푸르지오브리센트 | C63: =IFERROR(VLOOKUP($A63,위치!$B:$F,4,FALSE),"") -> 35.874447 | D63: =IFERROR(VLOOKUP($A63,위치!$B:$F,5,FALSE),"") -> 128.63581 | E63: 794 | F63: 45498 | G63: 756 | H63: 0.9521 | I63: 4 | J63: 191 | K63: 116 | L63: 96 | M63: 59 | N63: 28 | O63: 24 | P63: 19 | Q63: 13 | R63: 11 | S63: 11 | T63: 2 | U63: 20 | V63: 10 | W63: 18 | X63: 20 | Y63: 14 | Z63: 13 | AA63: 14 | AB63: 6 | AC63: 7 | AD63: 10 | AE63: 7 | AF63: 10 | AG63: 8 | AH63: 15 | AI63: 10
A64: 201474 | B64: 빌리브라디체 | C64: =IFERROR(VLOOKUP($A64,위치!$B:$F,4,FALSE),"") -> 35.836881 | D64: =IFERROR(VLOOKUP($A64,위치!$B:$F,5,FALSE),"") -> 128.53852 | E64: 606 | F64: 45762 | G64: 585 | H64: 0.9653 | L64: 58 | M64: 84 | N64: 64 | O64: 39 | P64: 102 | Q64: 19 | R64: 5 | S64: 27 | T64: 44 | U64: 23 | V64: 24 | W64: 20 | X64: 26 | Y64: 29 | Z64: 21
A65: 201493 | B65: 해링턴플레이스 감삼3차 | C65: =IFERROR(VLOOKUP($A65,위치!$B:$F,4,FALSE),"") -> 35.844152 | D65: =IFERROR(VLOOKUP($A65,위치!$B:$F,5,FALSE),"") -> 128.53509 | E65: 566 | F65: 45877 | G65: 223 | H65: 0.394 | K65: 54 | L65: 53 | M65: 34 | N65: 15 | O65: 16 | P65: 10 | Q65: 7 | R65: 9 | S65: 8 | T65: 5 | U65: 6 | V65: 6
A66: 201447 | B66: 구수산공원 화성파크드림 | C66: =IFERROR(VLOOKUP($A66,위치!$B:$F,4,FALSE),"") -> 35.935528 | D66: =IFERROR(VLOOKUP($A66,위치!$B:$F,5,FALSE),"") -> 128.55225 | E66: 520 | F66: 45638 | G66: 520 | H66: 1 | K66: 40 | L66: 271 | M66: 127 | N66: 30 | O66: 13 | P66: 6 | Q66: 3 | R66: 2 | S66: 1 | T66: 1 | U66: 24 | V66: 1 | AA66: 1
A67: 201461 | B67: 수성 자이르네 | C67: =IFERROR(VLOOKUP($A67,위치!$B:$F,4,FALSE),"") -> 35.851962 | D67: =IFERROR(VLOOKUP($A67,위치!$B:$F,5,FALSE),"") -> 128.61306 | E67: 219 | F67: 45597 | G67: 217 | H67: 0.9909 | I67: 6 | J67: 76 | K67: 47 | L67: 28 | M67: 8 | N67: 14 | O67: 15 | P67: 7 | Q67: 7 | R67: 6 | S67: 1 | U67: 2
A68: 201303 | B68: 동대구역 아펠리체 오피스텔 | C68: =IFERROR(VLOOKUP($A68,위치!$B:$F,4,FALSE),"") -> 35.876147 | D68: =IFERROR(VLOOKUP($A68,위치!$B:$F,5,FALSE),"") -> 128.62772 | E68: 308 | F68: 44606 | G68: 308 | H68: 1 | J68: 62 | K68: 94 | L68: 60 | M68: 28 | N68: 15 | O68: 4 | P68: 9 | Q68: 8 | R68: 4 | S68: 6 | T68: 4 | U68: 3 | V68: 5 | W68: 4 | AE68: 1 | AP68: 1
A69: 201223 | B69: 힐스테이트 범어 센트럴 | C69: =IFERROR(VLOOKUP($A69,위치!$B:$F,4,FALSE),"") -> 35.866592 | D69: =IFERROR(VLOOKUP($A69,위치!$B:$F,5,FALSE),"") -> 128.62417 | E69: 503 | F69: 44536 | G69: 503 | H69: 1 | J69: 34 | K69: 194 | L69: 73 | M69: 45 | N69: 32 | O69: 20 | P69: 24 | Q69: 19 | R69: 9 | S69: 18 | T69: 10 | U69: 8 | W69: 4 | X69: 2 | Y69: 2 | Z69: 2 | AB69: 2 | AC69: 1 | AP69: 1 | AW69: 1 | AX69: 1 | AZ69: 1
A70: 201432 | B70: 대구역 오페라 스위첸 | C70: =IFERROR(VLOOKUP($A70,위치!$B:$F,4,FALSE),"") -> 35.878872 | D70: =IFERROR(VLOOKUP($A70,위치!$B:$F,5,FALSE),"") -> 128.58796 | E70: 929 | F70: 45393 | G70: 928 | H70: 0.9989 | J70: 365 | K70: 264 | L70: 102 | M70: 65 | N70: 51 | O70: 37 | P70: 15 | Q70: 5 | R70: 7 | S70: 1 | T70: 5 | U70: 4 | W70: 2 | AA70: 1 | AD70: 2 | AG70: 1 | AL70: 1
A71: 201330 | B71: 수성해모로하이엔 | C71: =IFERROR(VLOOKUP($A71,위치!$B:$F,4,FALSE),"") -> 35.807058 | D71: =IFERROR(VLOOKUP($A71,위치!$B:$F,5,FALSE),"") -> 128.62145 | E71: 795 | F71: 45271 | G71: 795 | H71: 1 | I71: 1 | J71: 231 | K71: 167 | L71: 134 | M71: 51 | N71: 34 | O71: 25 | P71: 7 | Q71: 3 | R71: 8 | S71: 13 | T71: 10 | U71: 105 | W71: 2 | X71: 1 | AG71: 2 | AM71: 1
A72: 201403 | B72: 대구용계역푸르지오아츠베르1단지 | C72: =IFERROR(VLOOKUP($A72,위치!$B:$F,4,FALSE),"") -> 35.872376 | D72: =IFERROR(VLOOKUP($A72,위치!$B:$F,5,FALSE),"") -> 128.68218 | E72: 745 | F72: 45218 | G72: 744 | H72: 0.9987 | I72: 13 | J72: 344 | K72: 185 | L72: 41 | M72: 19 | N72: 13 | O72: 9 | P72: 11 | Q72: 3 | R72: 5 | S72: 5 | T72: 4 | U72: 6 | V72: 4 | W72: 7 | X72: 8 | Y72: 13 | Z72: 20 | AA72: 8 | AB72: 2 | AC72: 6 | AD72: 2 | AE72: 6 | AF72: 2 | AG72: 3 | AH72: 2 | AI72: 2 | AJ72: 1
A73: 201249 | B73: 반월당 서한포레스트 | C73: =IFERROR(VLOOKUP($A73,위치!$B:$F,4,FALSE),"") -> 35.862423 | D73: =IFERROR(VLOOKUP($A73,위치!$B:$F,5,FALSE),"") -> 128.59139 | E73: 427 | F73: 44823 | G73: 427 | H73: 1 | K73: 29 | L73: 184 | M73: 94 | N73: 56 | O73: 29 | P73: 12 | Q73: 6 | R73: 5 | S73: 1 | T73: 2 | U73: 2 | W73: 1 | Z73: 1 | AC73: 1 | AK73: 1 | AL73: 1 | AP73: 2
A74: 201360 | B74: 대가야스카이뷰202 | C74: =IFERROR(VLOOKUP($A74,위치!$B:$F,4,FALSE),"") -> 35.727165 | D74: =IFERROR(VLOOKUP($A74,위치!$B:$F,5,FALSE),"") -> 128.27296 | E74: 44 | F74: 45022 | G74: 44 | H74: 1 | I74: 4 | J74: 8 | K74: 4 | M74: 1 | P74: 27
A75: 201382 | B75: 오페라센텀파크서한이다음 | C75: =IFERROR(VLOOKUP($A75,위치!$B:$F,4,FALSE),"") -> 35.880812 | D75: =IFERROR(VLOOKUP($A75,위치!$B:$F,5,FALSE),"") -> 128.58469 | E75: 417 | F75: 45117 | G75: 417 | H75: 1 | K75: 145 | L75: 170 | M75: 59 | N75: 24 | O75: 9 | P75: 1 | Q75: 1 | R75: 2 | S75: 4 | U75: 1 | W75: 1
A76: 201295 | B76: 만촌동 서한포레스트 | C76: =IFERROR(VLOOKUP($A76,위치!$B:$F,4,FALSE),"") -> 35.857921 | D76: =IFERROR(VLOOKUP($A76,위치!$B:$F,5,FALSE),"") -> 128.64714 | E76: 258 | F76: 44830 | G76: 257 | H76: 0.9961 | K76: 5 | L76: 44 | M76: 42 | N76: 34 | O76: 44 | P76: 12 | Q76: 14 | R76: 13 | S76: 5 | T76: 4 | V76: 2 | W76: 3 | X76: 3 | Z76: 3 | AC76: 1 | AE76: 2 | AF76: 3 | AG76: 2 | AI76: 2 | AJ76: 3 | AK76: 2 | AL76: 1 | AM76: 1 | AN76: 2 | AR76: 1 | AS76: 1 | AT76: 5 | AV76: 2 | AW76: 1
A77: 201394 | B77: 수성 푸르지오 리버센트 | C77: =IFERROR(VLOOKUP($A77,위치!$B:$F,4,FALSE),"") -> 35.842276 | D77: =IFERROR(VLOOKUP($A77,위치!$B:$F,5,FALSE),"") -> 128.60983 | E77: 714 | F77: 45322 | G77: 714 | H77: 1 | K77: 108 | L77: 225 | M77: 152 | N77: 76 | O77: 51 | P77: 33 | Q77: 19 | R77: 16 | S77: 13 | T77: 8 | U77: 6 | V77: 1 | Y77: 2 | Z77: 1 | AC77: 1 | AD77: 1 | AE77: 1
A78: 201378 | B78: 대구침산행복주택 | C78: =IFERROR(VLOOKUP($A78,위치!$B:$F,4,FALSE),"") -> 35.896509 | D78: =IFERROR(VLOOKUP($A78,위치!$B:$F,5,FALSE),"") -> 128.58364 | E78: 28 | F78: 45288 | G78: 28 | H78: 1 | J78: 28
A79: 201393 | B79: 대구 더샵 수성오클레어 | C79: =IFERROR(VLOOKUP($A79,위치!$B:$F,4,FALSE),"") -> 35.848663 | D79: =IFERROR(VLOOKUP($A79,위치!$B:$F,5,FALSE),"") -> 128.60945 | E79: 303 | F79: 45183 | G79: 298 | H79: 0.9835 | J79: 5 | K79: 99 | L79: 64 | M79: 37 | N79: 18 | O79: 17 | P79: 13 | Q79: 5 | R79: 5 | S79: 2 | T79: 3 | U79: 2 | W79: 2 | X79: 2 | AB79: 2 | AE79: 1 | AJ79: 1 | AL79: 3 | AM79: 6 | AN79: 2 | AO79: 2 | AP79: 2 | AQ79: 4 | AS79: 1
A80: 201210 | B80: 앞산 삼정그린코아 트라이시티 | C80: =IFERROR(VLOOKUP($A80,위치!$B:$F,4,FALSE),"") -> 35.837682 | D80: =IFERROR(VLOOKUP($A80,위치!$B:$F,5,FALSE),"") -> 128.5606 | E80: 190 | F80: 44210 | G80: 189 | H80: 0.9947 | K80: 9 | L80: 92 | M80: 57 | N80: 10 | O80: 7 | P80: 6 | Q80: 2 | R80: 1 | S80: 1 | U80: 1 | V80: 1 | W80: 1 | AR80: 1
A81: 201277 | B81: 신천동 센트럴자이 | C81: =IFERROR(VLOOKUP($A81,위치!$B:$F,4,FALSE),"") -> 35.873497 | D81: =IFERROR(VLOOKUP($A81,위치!$B:$F,5,FALSE),"") -> 128.62372 | E81: 553 | F81: 44769 | G81: 553 | H81: 1 | J81: 18 | K81: 242 | L81: 126 | M81: 80 | N81: 39 | O81: 25 | P81: 10 | Q81: 3 | R81: 1 | S81: 1 | T81: 2 | U81: 3 | Y81: 1 | AA81: 1 | AF81: 1
A82: 201268 | B82: 봉덕2차 화성파크드림 | C82: =IFERROR(VLOOKUP($A82,위치!$B:$F,4,FALSE),"") -> 35.841046 | D82: =IFERROR(VLOOKUP($A82,위치!$B:$F,5,FALSE),"") -> 128.6005 | E82: 499 | F82: 44866 | G82: 499 | H82: 1 | I82: 4 | J82: 51 | K82: 225 | L82: 114 | M82: 54 | N82: 20 | O82: 9 | P82: 7 | Q82: 5 | R82: 1 | T82: 1 | U82: 1 | V82: 2 | W82: 1 | X82: 1 | Z82: 1 | AA82: 1 | AM82: 1
A83: 201397 | B83: 동대구2차 비스타동원 | C83: =IFERROR(VLOOKUP($A83,위치!$B:$F,4,FALSE),"") -> 35.87832 | D83: =IFERROR(VLOOKUP($A83,위치!$B:$F,5,FALSE),"") -> 128.6432 | E83: 627 | F83: 44985 | G83: 613 | H83: 0.9777 | J83: 43 | K83: 213 | L83: 153 | M83: 61 | N83: 37 | O83: 28 | P83: 10 | Q83: 9 | R83: 8 | S83: 4 | V83: 1 | W83: 2 | Y83: 1 | Z83: 4 | AA83: 2 | AB83: 7 | AC83: 2 | AD83: 2 | AG83: 3 | AH83: 1 | AI83: 1 | AJ83: 2 | AO83: 1 | AS83: 2 | AT83: 4 | AU83: 3 | AV83: 2 | AW83: 4 | AY83: 3
A84: 201252 | B84: 힐스테이트 데시앙 도남 3단지 | C84: =IFERROR(VLOOKUP($A84,위치!$B:$F,4,FALSE),"") -> 35.950158 | D84: =IFERROR(VLOOKUP($A84,위치!$B:$F,5,FALSE),"") -> 128.58233 | E84: 556 | F84: 44449 | G84: 556 | H84: 1 | K84: 274 | L84: 189 | M84: 32 | N84: 17 | O84: 19 | P84: 13 | Q84: 1 | R84: 6 | S84: 1 | T84: 2 | U84: 1 | AC84: 1
A85: 201238 | B85: 클래식명가주택 | C85: =IFERROR(VLOOKUP($A85,위치!$B:$F,4,FALSE),"") -> 35.843671 | D85: =IFERROR(VLOOKUP($A85,위치!$B:$F,5,FALSE),"") -> 128.53802 | E85: 102 | F85: 44258 | G85: 102 | H85: 1 | I85: 1 | J85: 24 | K85: 21 | L85: 25 | M85: 10 | N85: 7 | O85: 6 | P85: 4 | R85: 1 | S85: 1 | T85: 1 | BA85: 1
A86: 201207 | B86: 수성알파시티 청아람아파트 | C86: =IFERROR(VLOOKUP($A86,위치!$B:$F,4,FALSE),"") -> 35.835689 | D86: =IFERROR(VLOOKUP($A86,위치!$B:$F,5,FALSE),"") -> 128.69611 | E86: 844 | F86: 44298 | G86: 843 | H86: 0.9988 | K86: 114 | L86: 298 | M86: 142 | N86: 59 | O86: 33 | P86: 49 | Q86: 128 | R86: 7 | S86: 3 | T86: 1 | U86: 1 | V86: 1 | Y86: 1 | Z86: 2 | AB86: 2 | AN86: 1 | AY86: 1
A87: 201222 | B87: 중동 골드클래스 | C87: =IFERROR(VLOOKUP($A87,위치!$B:$F,4,FALSE),"") -> 35.842007 | D87: =IFERROR(VLOOKUP($A87,위치!$B:$F,5,FALSE),"") -> 128.61212 | E87: 588 | F87: 44517 | G87: 587 | H87: 0.9983 | J87: 71 | K87: 189 | L87: 153 | M87: 72 | N87: 43 | O87: 18 | P87: 6 | Q87: 9 | R87: 2 | S87: 3 | T87: 1 | V87: 5 | W87: 8 | X87: 2 | Z87: 2 | AC87: 1 | AF87: 1 | AT87: 1
A88: 201255 | B88: 월성삼정그린코아포레스트 | C88: =IFERROR(VLOOKUP($A88,위치!$B:$F,4,FALSE),"") -> 35.828501 | D88: =IFERROR(VLOOKUP($A88,위치!$B:$F,5,FALSE),"") -> 128.52319 | E88: 1392 | F88: 44663 | G88: 1391 | H88: 0.9993 | K88: 206 | L88: 389 | M88: 338 | N88: 160 | O88: 99 | P88: 64 | Q88: 64 | R88: 25 | S88: 16 | T88: 13 | U88: 5 | V88: 4 | W88: 1 | X88: 2 | Y88: 2 | Z88: 1 | AF88: 1 | AH88: 1
A89: 201329 | B89: 엑소디움센트럴동인 | C89: =IFERROR(VLOOKUP($A89,위치!$B:$F,4,FALSE),"") -> 35.870929 | D89: =IFERROR(VLOOKUP($A89,위치!$B:$F,5,FALSE),"") -> 128.60802 | E89: 630 | F89: 44894 | G89: 629 | H89: 0.9984 | J89: 10 | K89: 209 | L89: 196 | M89: 77 | N89: 51 | O89: 16 | P89: 8 | Q89: 1 | R89: 4 | S89: 2 | T89: 3 | U89: 1 | V89: 1 | W89: 1 | X89: 5 | Y89: 1 | AA89: 1 | AB89: 1 | AL89: 1 | AN89: 4 | AO89: 15 | AP89: 13 | AQ89: 1 | AR89: 1 | AS89: 2 | AT89: 1 | AU89: 1 | AV89: 1 | AW89: 1
A90: 201288 | B90: 다사역현대힐스테이트 | C90: =IFERROR(VLOOKUP($A90,위치!$B:$F,4,FALSE),"") -> 35.864016 | D90: =IFERROR(VLOOKUP($A90,위치!$B:$F,5,FALSE),"") -> 128.4565 | E90: 736 | F90: 44664 | G90: 736 | H90: 1 | J90: 9 | K90: 342 | L90: 179 | M90: 56 | N90: 31 | O90: 23 | P90: 42 | Q90: 22 | R90: 5 | S90: 6 | T90: 2 | U90: 2 | V90: 3 | W90: 1 | X90: 4 | Z90: 2 | AC90: 1 | AE90: 1 | AL90: 1 | AN90: 2 | AQ90: 1 | AS90: 1
A91: 201423 | B91: 수성엘코어하이엔드타워 오피스텔 | C91: =IFERROR(VLOOKUP($A91,위치!$B:$F,4,FALSE),"") -> 35.82172 | D91: =IFERROR(VLOOKUP($A91,위치!$B:$F,5,FALSE),"") -> 128.63813 | E91: 96 | F91: 45253 | G91: 38 | H91: 0.3958 | M91: 1 | N91: 1 | O91: 2 | P91: 3 | Q91: 4 | R91: 3 | S91: 2 | T91: 2 | U91: 1 | V91: 2 | W91: 3 | X91: 1 | Z91: 1 | AA91: 1 | AE91: 1 | AG91: 2 | AH91: 1 | AI91: 2 | AJ91: 1 | AN91: 1 | AO91: 2 | AP91: 1
A92: 201366 | B92: 시지 센트레빌 | C92: =IFERROR(VLOOKUP($A92,위치!$B:$F,4,FALSE),"") -> 35.841133 | D92: =IFERROR(VLOOKUP($A92,위치!$B:$F,5,FALSE),"") -> 128.69758 | E92: 120 | F92: 45127 | G92: 117 | H92: 0.975 | L92: 29 | M92: 9 | N92: 3 | O92: 13 | P92: 19 | Q92: 12 | R92: 9 | S92: 3 | T92: 3 | U92: 4 | V92: 3 | W92: 3 | X92: 1 | Y92: 1 | AD92: 3 | AI92: 1 | AL92: 1
A93: 201267 | B93: 동대구 벤쳐 창업지원주택(LH) | C93: =IFERROR(VLOOKUP($A93,위치!$B:$F,4,FALSE),"") -> 35.872126 | D93: =IFERROR(VLOOKUP($A93,위치!$B:$F,5,FALSE),"") -> 128.62482 | E93: 100 | F93: 44463 | G93: 100 | H93: 1 | L93: 31 | M93: 13 | N93: 3 | O93: 2 | P93: 26 | Q93: 9 | R93: 3 | X93: 13
A94: 201451 | B94: 교대푸르지오트레힐즈 | C94: =IFERROR(VLOOKUP($A94,위치!$B:$F,4,FALSE),"") -> 35.850218 | D94: =IFERROR(VLOOKUP($A94,위치!$B:$F,5,FALSE),"") -> 128.59685 | E94: 924 | F94: 45560 | G94: 921 | H94: 0.9968 | J94: 18 | K94: 368 | L94: 282 | M94: 103 | N94: 61 | O94: 27 | P94: 22 | Q94: 11 | R94: 6 | S94: 4 | T94: 2 | U94: 5 | V94: 2 | W94: 2 | Y94: 2 | Z94: 1 | AC94: 1 | AD94: 4
A95: 201487 | B95: 힐스테이트칠성더오페라 | C95: =IFERROR(VLOOKUP($A95,위치!$B:$F,4,FALSE),"") -> 35.878214 | D95: =IFERROR(VLOOKUP($A95,위치!$B:$F,5,FALSE),"") -> 128.59563 | E95: 691 | F95: 46148 | G95: 207 | H95: 0.2996 | J95: 10 | K95: 120 | L95: 60 | M95: 17
A96: 201486 | B96: 어나드범어 | C96: =IFERROR(VLOOKUP($A96,위치!$B:$F,4,FALSE),"") -> 35.866414 | D96: =IFERROR(VLOOKUP($A96,위치!$B:$F,5,FALSE),"") -> 128.62806 | E96: 752 | F96: 46006 | G96: 197 | H96: 0.262 | J96: 1 | K96: 22 | L96: 18 | M96: 26 | N96: 14 | O96: 32 | P96: 46 | Q96: 24 | R96: 14
A97: 201320 | B97: 진천라온프라이빗디엘 | C97: =IFERROR(VLOOKUP($A97,위치!$B:$F,4,FALSE),"") -> 35.817301 | D97: =IFERROR(VLOOKUP($A97,위치!$B:$F,5,FALSE),"") -> 128.5298 | E97: 669 | F97: 45538 | G97: 667 | H97: 0.997 | I97: 46 | J97: 106 | K97: 110 | L97: 86 | M97: 57 | N97: 62 | O97: 39 | P97: 21 | Q97: 24 | R97: 20 | S97: 8 | T97: 15 | U97: 20 | V97: 10 | W97: 9 | X97: 13 | Y97: 9 | Z97: 7 | AA97: 3 | AB97: 2
A98: 201458 | B98: 수성포레스트스위첸 | C98: =IFERROR(VLOOKUP($A98,위치!$B:$F,4,FALSE),"") -> 35.818348 | D98: =IFERROR(VLOOKUP($A98,위치!$B:$F,5,FALSE),"") -> 128.61719 | E98: 755 | F98: 45614 | G98: 756 | H98: 1.0013 | K98: 3 | L98: 67 | M98: 67 | N98: 58 | O98: 41 | P98: 31 | Q98: 28 | R98: 12 | S98: 12 | T98: 16 | U98: 209 | V98: 207 | W98: 2 | Y98: 3
A99: 201460 | B99: 달서롯데캐슬센트럴스카이 | C99: =IFERROR(VLOOKUP($A99,위치!$B:$F,4,FALSE),"") -> 35.835593 | D99: =IFERROR(VLOOKUP($A99,위치!$B:$F,5,FALSE),"") -> 128.53573 | E99: 529 | F99: 45950 | G99: 337 | H99: 0.6371 | K99: 2 | L99: 60 | M99: 65 | N99: 43 | O99: 37 | P99: 47 | Q99: 30 | R99: 23 | S99: 18 | T99: 12
A100: 201409 | B100: 서대구역 센텀 화성파크드림 1단지 | C100: =IFERROR(VLOOKUP($A100,위치!$B:$F,4,FALSE),"") -> 35.873502 | D100: =IFERROR(VLOOKUP($A100,위치!$B:$F,5,FALSE),"") -> 128.54883 | E100: 1296 | F100: 45499 | G100: 1293 | H100: 0.9977 | J100: 60 | K100: 663 | L100: 368 | M100: 82 | N100: 84 | O100: 18 | P100: 10 | Q100: 1 | R100: 1 | U100: 3 | V100: 2 | AE100: 1
...

Sheet 위치
A1: 아파트명 | B1: 아파트코드 | C1: 세대수 | D1: 도로명주소 | E1: 위도 | F1: 경도
A2: 1차두성타운아파트 | B2: 22605 | C2: 285 | D2: 북구 태전로7길 10-17 | E2: 35.923942 | F2: 128.54299
A3: 2군사령부간부숙소 | B3: 201478 | C3: 43 | D3: 수성구 무열로 56 | E3: 35.863234 | F3: 128.64996
A4: 2군사령부참모관사 | B4: 201218 | C4: 10 | D4: 수성구 무열로 56 | E4: 35.863234 | F4: 128.64996
A5: 2차금류강남타운 | B5: 200004 | C5: 499 | D5: 고령군 다산면 상곡3길 28 | E5: 35.825473 | F5: 128.44794
A6: 2차대성빌라 | B6: 200301 | C6: 16 | D6: 동구 해동로 97-1 | E6: 35.890596 | F6: 128.6416
A7: 2차대자연아파트 | B7: 60703 | C7: 289 | D7: 수성구 파동로 84 | E7: 35.81165 | F7: 128.61818
A8: 3차가든하이츠 | B8: 60122 | C8: 282 | D8: 수성구 청호로 365 | E8: 35.850052 | F8: 128.63739
A9: 73신암아파트 | B9: 10150 | C9: 149 | D9: 동구 신암남로 10 | E9: 35.877268 | F9: 128.61766
A10: 78태평아파트 | B10: 4201 | C10: 122 | D10: 중구 태평로 225 | E10: 35.873855 | F10: 128.60191
A11: BC스테이션 | B11: 11221 | C11: 18 | D11: 동구 동촌로 274 | E11: 35.87956 | F11: 128.66952
A12: D.O하이넷시티 | B12: 12302 | C12: 49 | D12: 동구 안심로49길 103 | E12: 35.870505 | F12: 128.71031
A13: DH아인스 | B13: 200982 | C13: 22 | D13: 동구 효목로 47 | E13: 35.877638 | F13: 128.63969
... A2787: 힐튼빌라 | B2787: 60136 | C2787: 17 | D2787: 수성구 청호로92길 35 | E2787: 35.856433 | F2787: 128.64384
